{
  "min": 3.242130756378174,
  "max": 32.769432067871094,
  "feature_range": [
    0,
    1
  ]
}