{
  "min": 3.2421295642852783,
  "max": 38.08000183105469,
  "feature_range": [
    0,
    1
  ]
}