{
  "model": {
    "mae_price": 7.323256015777588,
    "rmse_price": 9.85843592311162,
    "mape_price_pct": 3.2632213085889816,
    "directional_accuracy_pct": 51.515151515151516
  },
  "baselines": {
    "naive": {
      "mae_price": 7.313892364501953,
      "rmse_price": 9.800784753013524,
      "mape_price_pct": 3.255019709467888
    },
    "sma_60": {
      "mae_price": 15.123201947795556,
      "rmse_price": 18.32598183788137,
      "mape_price_pct": 6.495015274126807
    }
  }
}